,Country,GDP,Relative
3,Lithuania,55.064,0
2,Hungary,149.939,0.025466456
0,Greece,194.376,0.037394286
1,Romania,248.624,0.051955596
6,Finland,267.856,0.057117871
11,Denmark,339.626,0.076382456
10,Sweden,529.054,0.127228936
7,Poland,580.894,0.141143887
9,Netherlands,886.339,0.223131782
5,Spain,1247.464,0.320065366
12,Italy,1848.222,0.481321512
4,France,2551.451,0.670083041
13,United Kingdom,2638.296,0.693394075
8,Germany,3780.553,1
